name,x_handle,website
Fundraisly,@Fundraisely,https://fundraisly.com
Co-Invest,@coinvest_ai,https://coinvest.ai
Paste App,@paste_app,https://pasteapp.io
Rodeo by TwelveLabs,@twelve_labs,https://www.twelvelabs.io
Branda,@brandacooks,https://branda.co
Knock Agent for Slack,@knocklabs,https://knock.app
Mina Meeting Assistant,@HeyMinaAI,https://getmina.ai
Databox MCP,@databoxHQ,https://databox.com
Dune Keypad,@projectmirageai,https://www.projectmirage.ai
folk,@FolkHQ,https://www.folk.app
Typeahead,@typeaheadAI,https://typeahead.app
Tokenwise,@tokenwise_ai,https://tokenwise.ai
Wingbits AI,@Wingbits,https://wingbits.com
Openstatus Health,@openstatusHQ,https://www.openstatus.dev
Step 3.7 Flash,@StepFun_ai,https://www.stepfun.com
Ava Studio,@avastudio_ai,https://avastudio.ai
Agent A | Ahrefs,@ahrefs,https://ahrefs.com
MCP Bridge | Appfactor,@appfactor,https://appfactor.io
Integuru,@InteguruAI,https://integuru.ai
Basedash,@Basedash,https://www.basedash.com
Clipline,@clipline_ai,https://clipline.ai
Buffer API,@buffer,https://buffer.com
zero.xyz,@zeroxyz,https://zero.xyz
Coworker AI,@coworkerapp,https://coworker.ai
Octolane,@octolane,https://octolane.com
Krater,@krater_ai,https://krater.ai
DodoForm,@dofolabs,https://dodoform.com
Parsewise API,@parsewise,https://parsewise.ai
Rezonant,@rezonant_ai,https://rezonant.ai
Willow Scribe,@WillowVoiceAI,https://willowvoice.com
